student_id,roll_number,full_name,gender,department,semester,email,phone,cgpa,attendance_percentage,assignment_marks,quiz_marks,mid_exam_marks,end_sem_marks,lab_marks,average_marks,lms_login_frequency,time_spent_learning,assignment_submission_status,course_completion_percentage,classroom_participation,communication_skills,discipline_score,performance_label,risk_level,total_marks,performance_score,attendance_category,engagement_score
1,22CS1001,Girik Mishra,Male,IT,8,varenya29@example.org,7935643516,8.03,74,42,98,75,75,86,75.2,111,7.7,Pending,56,2,2,8,Distinction,Medium,376,74.84,Average,52.71
2,22CS1002,Bhanumati Wason,Male,CSE-DS,8,duttnoah@example.net,2485224072,6.88,60,21,96,80,83,44,64.8,55,59.7,Completed,90,7,1,8,Pass,Medium,324,63.36,Average,60.91
3,22CS1003,Avi Chowdhury,Female,CSE,8,bramanathan@example.net,2007026494,9.07,49,42,78,93,88,38,67.8,95,19.3,Pending,64,1,7,7,Pass,Medium,339,62.16,Poor,46.79
4,22CS1004,Jason Padmanabhan,Male,CSE,3,lalaurishilla@example.net,9830054980,9.04,46,58,95,69,75,40,67.4,106,68.2,Completed,44,4,2,10,Pass,Medium,337,60.98,Poor,74.86
5,22CS1005,Jack Kari,Female,CSE-DS,8,dewanhredhaan@example.net,5652490328,7.39,51,74,38,55,93,98,71.6,34,38.8,Completed,67,5,8,5,Pass,Medium,358,65.42,Poor,40.24
6,22CS1006,Lekha Comar,Female,IT,2,rachitbassi@example.com,147699902,7.47,99,72,53,92,60,75,70.4,113,49.7,Pending,59,1,5,6,Pass,Low,352,78.98,Excellent,63.11
7,22CS1007,Kalpit Raman,Female,IT,4,idikaiyengar@example.org,1751474251,5.31,50,78,80,91,95,40,76.8,78,9.3,Completed,31,3,8,7,Distinction,Medium,384,68.76,Poor,42.99
8,22CS1008,Oscar Kanda,Female,EEE,3,nlall@example.org,4424834713,6.47,70,73,39,78,84,65,67.8,19,51.8,Completed,64,5,6,5,Pass,Medium,339,68.46,Average,38.14
9,22CS1009,Pranav Amble,Female,Civil,1,dubesamesh@example.org,8457681608,9.69,89,35,44,86,26,85,55.2,35,60.1,Completed,69,2,3,10,Pass,Low,276,65.34,Good,38.03
10,22CS1010,Alka Buch,Male,CSE-DS,7,guneet19@example.org,9927565709,6.41,75,100,30,44,37,85,59.2,32,24.4,Completed,69,9,7,5,Pass,Low,296,63.94,Good,47.12
11,22CS1011,Yug Hayre,Female,Civil,3,ibahri@example.org,1923202052,7.35,67,69,84,23,22,73,54.2,107,57.5,Pending,49,9,5,10,Pass,Medium,271,58.04,Average,87.05
12,22CS1012,Finn Madan,Male,CSE,7,balikrishna@example.com,5453052928,8.24,59,31,38,35,33,41,35.6,76,10.4,Pending,81,10,7,5,Fail,High,178,42.62,Poor,63.52
13,22CS1013,Aadhya Tiwari,Male,Mechanical,7,widisharamesh@example.com,9386671688,5.08,57,66,21,100,58,24,53.8,119,17.0,Pending,63,7,6,7,Pass,Medium,269,54.76,Poor,73.7
14,22CS1014,Om Bhakta,Female,Civil,6,osha04@example.net,9195130222,7.42,46,72,97,96,41,63,73.8,83,13.8,Pending,58,8,3,9,Pass,Medium,369,65.46,Poor,61.34
15,22CS1015,Krish Prakash,Female,EEE,5,mohanbahadurjit@example.com,4963390379,7.92,84,21,44,98,47,75,57.0,28,51.0,Pending,89,4,10,7,Pass,Low,285,65.1,Good,38.5
16,22CS1016,Charita Gopal,Female,IT,8,ruppal@example.net,4872445283,5.56,66,51,21,27,96,44,47.8,97,36.6,Pending,32,3,8,8,Pass,Medium,239,53.26,Average,58.78
17,22CS1017,Sathvik Viswanathan,Male,CSE-DS,3,kbadami@example.net,4982715512,5.93,66,42,43,76,49,63,54.6,33,67.0,Pending,70,8,8,5,Pass,Medium,273,58.02,Average,57.3
18,22CS1018,Wriddhish Kota,Male,Civil,5,sara03@example.org,543152350,6.76,95,20,22,63,38,82,45.0,19,38.7,Pending,77,10,6,6,Pass,Medium,225,60.0,Excellent,49.21
19,22CS1019,Warjas Bobal,Female,ECE,1,tmunshi@example.com,5445902128,8.93,62,21,66,49,30,55,44.2,64,23.8,Completed,90,9,7,8,Pass,Medium,221,49.54,Average,59.74
20,22CS1020,Naksh Sharaf,Female,Mechanical,6,banjeet03@example.org,8857861800,5.53,64,38,61,73,68,32,54.4,112,28.7,Completed,49,3,4,10,Pass,Medium,272,57.28,Average,62.41
21,22CS1021,Harrison Pandey,Female,Mechanical,1,samar62@example.com,4209829236,9.63,73,94,82,47,23,73,63.8,11,28.2,Pending,64,6,2,10,Pass,Medium,319,66.56,Average,30.86
22,22CS1022,Ekiya Babu,Female,CSE-AIML,3,raghavparikh@example.com,8885469669,5.41,60,81,78,56,90,79,76.8,65,32.7,Pending,94,4,1,10,Distinction,Medium,384,71.76,Average,47.81
23,22CS1023,Avi Taneja,Female,CSE,5,zsinghal@example.com,2028085194,7.91,100,41,99,41,58,69,61.6,65,19.9,Completed,74,2,2,8,Pass,Low,308,73.12,Excellent,37.97
24,22CS1024,Yagnesh Bhatnagar,Male,CSE-DS,6,madanaadhya@example.net,2670051333,6.74,56,89,34,52,39,54,53.6,23,12.9,Pending,95,2,6,6,Pass,Medium,268,54.32,Poor,19.07
25,22CS1025,Yatan Ahluwalia,Female,IT,3,hariaishani@example.net,1818696150,8.04,75,37,91,73,49,95,69.0,20,32.6,Pending,81,2,10,10,Pass,Low,345,70.8,Good,23.78
26,22CS1026,Jeet Biswas,Male,CSE-DS,4,usingh@example.com,2319309055,6.92,65,26,40,34,33,31,32.8,77,15.8,Completed,63,8,1,10,Fail,High,164,42.46,Average,59.54
27,22CS1027,Jagat Tata,Female,ECE,2,meghanamitter@example.com,6077296075,6.11,53,30,42,80,66,24,48.4,103,21.6,Completed,66,2,4,9,Pass,Medium,242,49.78,Poor,53.68
28,22CS1028,Qadim Hari,Male,Mechanical,7,barkha92@example.net,4426201825,7.43,67,63,55,47,100,95,72.0,61,32.1,Completed,78,7,1,6,Pass,Medium,360,70.5,Average,55.03
29,22CS1029,Timothy Rege,Male,CSE-AIML,4,libnitara@example.net,3890344748,7.06,58,38,81,41,76,76,62.4,50,66.1,Pending,83,4,7,6,Pass,Medium,312,61.08,Poor,51.83
30,22CS1030,Amruta Sharma,Male,Civil,3,guneet79@example.net,8836738777,6.11,51,77,37,55,98,74,68.2,51,18.2,Pending,77,2,2,5,Pass,Medium,341,63.04,Poor,31.86
31,22CS1031,Ekani Nayar,Female,CSE-AIML,3,brastogi@example.net,7271749956,7.09,87,22,53,93,78,53,59.8,41,21.4,Pending,72,9,4,6,Pass,Low,299,67.96,Good,49.82
32,22CS1032,Vaishnavi Aggarwal,Male,EEE,7,harivictor@example.org,6290773991,8.95,72,22,70,38,38,33,40.2,44,40.3,Completed,43,10,8,5,Pass,Medium,201,49.74,Average,59.69
33,22CS1033,Nitara Chacko,Female,EEE,3,bsankar@example.com,6928889888,7.23,64,100,69,32,72,72,69.0,34,36.8,Completed,46,1,3,5,Pass,Medium,345,67.5,Average,27.64
34,22CS1034,Ekaraj Wagle,Male,Mechanical,8,aadi53@example.org,5180317035,8.99,67,36,30,75,77,43,52.2,111,25.8,Pending,53,5,5,7,Pass,Medium,261,56.64,Average,67.14
35,22CS1035,Chaaya Bahri,Male,CSE,8,ria02@example.net,5173412321,6.12,47,37,28,26,94,25,42.0,79,62.3,Completed,31,3,8,5,Pass,Medium,210,43.5,Poor,59.29
36,22CS1036,Jeevika Manda,Female,CSE-DS,4,vanya05@example.net,292191832,7.78,79,30,91,89,37,91,67.6,90,47.8,Completed,75,1,8,6,Pass,Low,338,71.02,Good,53.34
37,22CS1037,Damyanti Doshi,Female,IT,1,michael00@example.net,2227994865,6.84,76,42,25,65,79,94,61.0,116,11.6,Completed,40,1,1,8,Pass,Low,305,65.5,Good,52.88
38,22CS1038,Aishani Luthra,Female,ECE,3,ishwar70@example.com,9216192326,6.49,52,36,24,50,33,90,46.6,14,39.5,Pending,35,4,7,5,Pass,Medium,233,48.22,Poor,29.45
39,22CS1039,Peter Pillay,Male,Mechanical,2,ranafiyaz@example.org,3860724407,5.99,68,86,48,75,81,80,74.0,24,51.9,Pending,100,8,6,6,Pass,Medium,370,72.2,Average,49.17
40,22CS1040,David Khatri,Male,CSE-AIML,7,watika16@example.net,3752025148,7.84,86,49,67,96,61,43,63.2,52,44.1,Completed,34,10,1,10,Pass,Low,316,70.04,Good,64.03
41,22CS1041,Divya Panchal,Female,IT,1,samar83@example.org,7957660199,8.67,70,67,23,25,38,96,49.8,114,40.3,Pending,79,6,6,7,Pass,Medium,249,55.86,Average,75.69
42,22CS1042,Hitesh Dara,Female,IT,4,jagrati38@example.org,9421672133,8.85,60,93,66,96,28,59,68.4,76,44.6,Completed,59,3,8,10,Pass,Medium,342,65.88,Average,52.78
43,22CS1043,Sneha Ratta,Male,CSE-AIML,2,esem@example.org,6675638285,9.13,95,65,48,79,29,52,54.6,70,7.4,Completed,45,9,9,10,Pass,Low,273,66.72,Excellent,57.22
44,22CS1044,Rushil Sinha,Male,Mechanical,2,krishnasoni@example.com,6367680336,8.08,49,36,43,64,78,47,53.6,13,55.9,Completed,32,2,3,10,Pass,Medium,268,52.22,Poor,27.97
45,22CS1045,Zaid Sehgal,Male,ECE,8,meghana65@example.com,1758398756,5.72,60,23,83,52,23,69,50.0,13,32.7,Completed,80,10,8,10,Pass,Medium,250,53.0,Average,45.01
46,22CS1046,Dalaja Iyer,Female,CSE,8,garima05@example.net,8461874859,6.78,59,68,58,67,97,76,73.2,17,30.5,Pending,45,3,3,10,Pass,Medium,366,68.94,Poor,24.95
47,22CS1047,Chameli Badami,Male,CSE-AIML,1,bathqushi@example.org,276445211,5.49,90,98,20,82,40,91,66.2,102,27.4,Completed,72,3,7,6,Pass,Low,331,73.34,Excellent,58.02
48,22CS1048,Kai Sibal,Male,IT,4,unnati28@example.org,2479848308,7.77,93,46,34,41,77,68,53.2,79,30.9,Completed,68,5,10,8,Pass,Low,266,65.14,Excellent,55.87
49,22CS1049,Vasatika Yogi,Female,ECE,6,vihaanmukherjee@example.net,6929601030,5.58,97,43,72,61,40,41,51.4,47,46.3,Completed,64,1,10,8,Pass,Low,257,65.08,Excellent,35.69
50,22CS1050,Arin Dora,Female,IT,1,shettyanvi@example.net,6899195827,6.05,71,99,47,34,62,60,60.4,62,16.2,Completed,95,4,3,10,Pass,Medium,302,63.58,Average,41.66
51,22CS1051,Advaith Rao,Female,Civil,3,vedikadugar@example.org,4605152686,9.0,80,41,41,53,83,21,47.8,38,34.5,Pending,96,6,7,10,Pass,Medium,239,57.46,Good,43.55
52,22CS1052,Gopal Magar,Female,IT,5,kakarjatin@example.com,4632259907,5.98,97,39,89,40,86,71,65.0,16,38.8,Completed,94,4,10,8,Pass,Low,325,74.6,Excellent,30.04
53,22CS1053,Isaac Subramaniam,Female,CSE-AIML,3,spillay@example.net,6536065940,8.95,70,50,36,89,40,90,61.0,44,50.0,Pending,87,7,2,7,Pass,Medium,305,63.7,Average,53.6
54,22CS1054,Udyati Sibal,Female,CSE-AIML,7,rameshpallavi@example.net,8717340522,7.66,87,53,23,82,75,34,53.4,50,27.0,Completed,57,9,8,5,Pass,Low,267,63.48,Good,55.1
55,22CS1055,Victor Bains,Male,CSE-DS,2,shivansh60@example.org,2032068315,7.45,92,52,80,50,25,79,57.2,49,36.7,Pending,65,5,4,5,Pass,Low,286,67.64,Excellent,45.61
56,22CS1056,Rushil Rao,Female,EEE,3,diya14@example.com,1067456119,8.44,85,79,77,26,42,36,52.0,110,56.9,Pending,69,10,4,6,Pass,Low,260,61.9,Good,91.07
57,22CS1057,Amaira Dar,Female,CSE-DS,5,xavierkulkarni@example.net,6733449959,5.23,75,68,99,37,69,38,62.2,95,65.1,Completed,79,5,4,10,Pass,Low,311,66.04,Good,72.53
58,22CS1058,Yachana Sundaram,Male,CSE-AIML,8,gillpraneel@example.com,456464645,8.24,93,35,44,76,32,99,57.2,19,34.7,Completed,62,1,1,10,Pass,Low,286,67.94,Excellent,21.01
59,22CS1059,Rajata Dua,Male,CSE,1,dhawanmaanav@example.org,2689395358,8.44,84,72,92,98,28,100,78.0,97,44.5,Pending,49,6,9,9,Distinction,Low,390,79.8,Good,70.15
60,22CS1060,Radhika Majumdar,Male,Civil,7,chandreshtrivedi@example.net,1530555183,5.44,68,92,93,69,49,77,76.0,107,61.2,Pending,31,9,4,7,Distinction,Medium,380,73.6,Average,88.16
61,22CS1061,Raghav Bali,Female,Mechanical,4,psani@example.com,9469551364,7.09,71,61,20,66,84,36,53.4,78,59.7,Completed,50,4,4,9,Pass,Medium,267,58.68,Average,61.11
62,22CS1062,Liam Ramesh,Female,Civil,1,yagneshchhabra@example.com,721879343,7.48,47,80,50,74,91,90,77.0,89,7.6,Completed,38,4,3,6,Distinction,Medium,385,68.0,Poor,49.88
63,22CS1063,Jonathan Mital,Female,CSE,3,anjalibalay@example.com,3521050849,9.59,76,24,33,89,89,69,60.8,64,5.1,Completed,56,4,10,5,Pass,Low,304,65.36,Good,39.13
64,22CS1064,Dhruv Sharma,Female,ECE,4,lgolla@example.org,1294516803,6.77,95,52,48,41,91,36,53.6,6,20.6,Pending,75,4,3,10,Pass,Low,268,66.02,Excellent,20.58
65,22CS1065,Gagan Taneja,Female,CSE,5,eshana45@example.net,9957763103,6.91,97,93,49,38,96,47,64.6,68,30.2,Pending,79,8,9,9,Pass,Low,323,74.32,Excellent,60.26
66,22CS1066,Jason Sawhney,Male,EEE,4,samar20@example.net,1581566817,6.61,73,57,31,72,30,89,55.8,104,18.2,Completed,72,9,2,9,Pass,Medium,279,60.96,Average,74.06
67,22CS1067,Vrishti Gole,Female,CSE-AIML,8,kmannan@example.org,5801859275,7.54,60,43,60,23,84,89,59.8,114,51.2,Pending,83,1,10,6,Pass,Medium,299,59.86,Average,63.96
68,22CS1068,Niharika Ghose,Male,CSE-AIML,2,qseshadri@example.net,3128440123,6.3,78,72,66,23,69,47,55.4,14,53.9,Completed,71,2,7,5,Pass,Low,277,62.18,Good,27.77
69,22CS1069,Rajeshri Dhawan,Female,EEE,8,xpalan@example.net,1068128434,8.19,80,84,54,95,39,75,69.4,41,22.4,Completed,58,1,2,7,Pass,Low,347,72.58,Good,26.12
70,22CS1070,Oscar Tara,Female,Mechanical,7,fchaudry@example.com,9170780944,7.07,94,97,27,22,63,71,56.0,109,50.6,Pending,89,5,3,7,Pass,Low,280,67.4,Excellent,73.78
71,22CS1071,Indira Brar,Male,IT,4,sehgalbalveer@example.net,2417799984,7.29,77,55,53,48,23,93,54.4,103,22.8,Pending,55,10,6,9,Pass,Low,272,61.18,Good,78.04
72,22CS1072,Isaiah Ravel,Male,Civil,4,ayush50@example.org,424346599,5.25,68,68,41,78,66,85,67.6,60,23.4,Pending,45,9,8,9,Pass,Medium,338,67.72,Average,58.02
73,22CS1073,Ishanvi Swamy,Female,ECE,8,sarankritika@example.net,539804188,9.64,100,75,93,95,94,91,89.6,46,29.1,Completed,56,10,6,5,Distinction,Low,448,92.72,Excellent,57.13
74,22CS1074,Warinder Pall,Male,Mechanical,3,maniati@example.org,2569905348,8.07,82,97,99,86,69,86,87.4,94,5.5,Pending,98,7,6,5,Distinction,Low,437,85.78,Good,60.25
75,22CS1075,Girindra Kannan,Male,ECE,4,cseshadri@example.org,1709189315,9.07,79,56,42,41,96,100,67.0,101,31.5,Pending,71,9,6,7,Pass,Low,335,70.6,Good,76.85
76,22CS1076,Lakshit Keer,Female,CSE,8,narainchakrika@example.com,8827643498,8.82,62,86,24,79,63,29,56.2,26,49.7,Completed,88,8,7,7,Pass,Medium,281,57.94,Average,49.31
77,22CS1077,Vansha Khalsa,Female,CSE,1,chakradev52@example.net,7925978848,5.18,99,48,81,70,22,64,57.0,67,7.2,Completed,89,7,8,5,Pass,Low,285,69.6,Excellent,49.96
78,22CS1078,Ekantika Mody,Male,ECE,2,panchalqabil@example.net,5507756603,8.67,82,32,53,75,42,24,45.2,56,21.2,Pending,69,2,2,10,Pass,Medium,226,56.24,Good,34.76
79,22CS1079,Chandran Bora,Male,CSE-AIML,7,parekhoeshi@example.com,9994008069,5.68,80,63,87,22,65,31,53.6,43,34.9,Completed,38,8,6,6,Pass,Low,268,61.52,Good,51.67
80,22CS1080,Ekalinga Chhabra,Female,Mechanical,7,kchana@example.net,2155815424,7.05,69,46,67,43,70,89,63.0,59,45.4,Completed,34,5,6,6,Pass,Medium,315,64.8,Average,52.22
81,22CS1081,Abha Palla,Male,Mechanical,4,saranupasna@example.com,865274173,6.7,83,95,80,51,69,68,72.6,76,50.9,Pending,86,10,3,10,Pass,Low,363,75.72,Good,75.67
82,22CS1082,Chaitanya Sundaram,Female,CSE-AIML,8,tkanda@example.com,6124359,7.9,89,74,21,90,31,88,60.8,91,41.4,Pending,91,3,3,9,Pass,Low,304,69.26,Good,57.82
83,22CS1083,Leena Rau,Female,IT,6,radhaghose@example.net,4754326281,5.4,69,55,64,62,60,21,52.4,101,52.5,Pending,49,2,7,9,Pass,Medium,262,57.38,Average,62.15
84,22CS1084,Matthew Natt,Female,CSE-AIML,3,mohammed19@example.com,7112584651,5.71,74,27,24,46,87,89,54.6,97,15.6,Pending,72,7,4,7,Pass,Medium,273,60.42,Average,64.48
85,22CS1085,Megha Sura,Male,EEE,5,cbhavsar@example.net,4339511009,5.87,85,97,32,57,79,63,65.6,58,44.5,Pending,80,10,6,5,Pass,Low,328,71.42,Good,66.55
86,22CS1086,Matthew Seshadri,Female,EEE,6,ranganathanrushil@example.net,2362342385,6.9,49,70,99,71,76,29,69.0,106,46.8,Completed,45,1,4,7,Pass,Medium,345,63.0,Poor,59.44
87,22CS1087,Umang Ravel,Male,ECE,6,ptata@example.org,6131417003,6.7,82,98,96,25,35,85,67.8,116,52.5,Pending,48,10,4,5,Pass,Low,339,72.06,Good,92.15
88,22CS1088,Anya Shan,Male,Civil,2,vrishti99@example.org,7076927492,5.47,46,94,95,51,94,96,86.0,99,53.8,Pending,57,6,2,8,Distinction,Medium,430,74.0,Poor,73.74
89,22CS1089,Siya Minhas,Female,CSE,8,falguni53@example.net,2397991496,7.64,60,63,90,68,49,56,65.2,46,7.8,Pending,58,10,10,5,Pass,Medium,326,63.64,Average,50.74
90,22CS1090,Ganga Subramaniam,Male,IT,4,bhavsarreva@example.org,4700161051,7.28,81,55,34,47,42,80,51.6,68,21.1,Completed,51,3,5,7,Pass,Low,258,60.42,Good,42.53
91,22CS1091,Rohan Patla,Male,CSE-DS,5,mohammedramanathan@example.org,2131847731,7.37,60,36,91,63,90,25,61.0,51,47.6,Pending,33,3,9,5,Pass,Medium,305,60.7,Average,43.68
92,22CS1092,Saksham Sinha,Female,CSE-DS,2,dayita29@example.net,5694982536,5.53,76,38,99,42,95,24,59.6,90,48.4,Completed,99,2,4,10,Pass,Low,298,64.52,Good,56.52
93,22CS1093,Chanchal Subramaniam,Male,CSE-DS,7,kohligirik@example.org,3811730679,9.98,79,36,91,83,77,71,71.6,18,16.6,Completed,37,6,1,9,Pass,Low,358,73.82,Good,30.18
94,22CS1094,Janya Kadakia,Female,CSE,6,cchad@example.org,7385473817,7.01,58,36,64,42,60,53,51.0,47,53.3,Pending,97,2,2,10,Pass,Medium,255,53.1,Poor,40.79
95,22CS1095,Pushti Gill,Male,CSE-DS,5,raghavanjackson@example.com,9341382295,8.87,97,55,45,96,76,79,70.2,11,47.8,Completed,51,2,7,8,Pass,Low,351,78.24,Excellent,24.74
96,22CS1096,Ronith Hayer,Female,EEE,2,yahvi71@example.org,5593579506,8.33,48,54,69,36,35,69,52.6,48,64.2,Completed,80,7,7,6,Pass,Medium,263,51.22,Poor,59.46
97,22CS1097,Oni Gill,Female,IT,5,chadaadhya@example.com,790164181,5.78,76,60,61,46,51,85,60.6,90,47.9,Completed,69,10,4,6,Pass,Low,303,65.22,Good,80.37
98,22CS1098,Gaurav Shan,Male,CSE-AIML,7,csawhney@example.net,7580321429,9.19,89,70,40,43,87,45,57.0,9,46.0,Pending,64,5,2,7,Pass,Low,285,66.6,Good,32.4
99,22CS1099,Krish Kar,Female,CSE-DS,4,aachal12@example.com,8232614921,8.16,68,55,65,91,74,34,63.8,58,21.8,Pending,79,9,8,7,Pass,Medium,319,65.06,Average,56.74
100,22CS1100,Atharv Sarkar,Male,ECE,7,dnayak@example.net,7987890879,6.83,69,47,93,62,89,98,77.8,83,47.7,Completed,70,1,1,7,Distinction,Medium,389,75.16,Average,50.51
101,22CS1101,Kalpit Wadhwa,Female,ECE,4,hemaloyal@example.com,5796703499,6.93,68,62,32,89,64,54,60.2,9,10.4,Pending,30,1,5,6,Pass,Medium,301,62.54,Average,9.72
102,22CS1102,Wakeeta Pant,Male,Mechanical,2,chanchalmannan@example.net,3879855885,8.03,79,89,94,26,43,76,65.6,31,39.3,Pending,87,9,10,10,Pass,Low,328,69.62,Good,51.19
103,22CS1103,Zansi Nori,Male,ECE,1,sheresanaya@example.net,2420687703,6.08,62,34,64,34,84,21,47.4,63,23.4,Pending,58,2,5,6,Pass,Medium,237,51.78,Average,38.22
104,22CS1104,Hitesh Misra,Male,Civil,5,lakshit62@example.org,3909668651,8.13,92,40,37,51,93,88,61.8,98,65.4,Pending,56,9,8,7,Pass,Low,309,70.86,Excellent,85.82
105,22CS1105,Nakul Rajagopalan,Male,CSE-DS,2,janujasarkar@example.net,3934749271,7.23,55,68,93,73,68,73,75.0,26,41.1,Completed,95,2,1,10,Distinction,Medium,375,69.0,Poor,28.73
106,22CS1106,Udyati Rai,Male,CSE,8,tanveer80@example.net,4526595180,5.95,84,78,79,59,91,90,79.4,7,22.8,Completed,71,7,3,7,Distinction,Low,397,80.78,Good,30.64
107,22CS1107,Gaurav Sibal,Male,ECE,6,pkothari@example.com,1645462166,7.67,66,30,42,89,35,51,49.4,43,52.6,Pending,30,10,10,10,Pass,Medium,247,54.38,Average,62.98
108,22CS1108,Parth Garde,Male,CSE-DS,4,yohannannakul@example.net,9385675816,8.45,81,93,47,27,21,81,53.8,52,30.8,Completed,51,6,4,6,Pass,Low,269,61.96,Good,48.04
109,22CS1109,Aadi Das,Female,CSE-DS,3,harita57@example.com,4529839398,7.35,65,67,55,98,49,25,58.8,29,38.4,Pending,73,8,6,9,Pass,Medium,294,60.66,Average,47.12
110,22CS1110,Raksha Sane,Male,Mechanical,4,meera54@example.net,1635268548,6.43,86,85,97,81,73,43,75.8,49,58.4,Pending,30,10,7,8,Distinction,Low,379,78.86,Good,67.12
111,22CS1111,Ekaraj Nazareth,Female,EEE,1,ridhi99@example.org,7110788632,9.44,64,84,41,82,89,77,74.6,54,33.7,Completed,97,5,5,7,Pass,Medium,373,71.42,Average,46.71
112,22CS1112,Anirudh Behl,Male,CSE-DS,7,jkhalsa@example.net,8487393591,9.12,58,52,89,96,30,83,70.0,111,50.7,Pending,54,4,7,10,Pass,Medium,350,66.4,Poor,71.61
113,22CS1113,Chakradhar Narasimhan,Female,Civil,2,lkorpal@example.net,491061888,7.05,77,92,66,63,70,63,70.8,73,56.0,Pending,100,9,1,7,Pass,Low,354,72.66,Good,73.0
114,22CS1114,Vihaan Oak,Female,IT,5,routlohit@example.org,4335285413,7.77,77,67,81,21,71,59,59.8,92,50.1,Pending,90,10,10,9,Pass,Low,299,64.96,Good,81.83
115,22CS1115,Qabil Saxena,Male,EEE,3,amarabansal@example.com,9616874537,5.78,46,45,47,89,80,81,68.4,39,12.0,Pending,95,4,4,8,Pass,Medium,342,61.68,Poor,31.2
116,22CS1116,Veda Bhakta,Female,CSE,4,nidra13@example.org,7043685539,8.79,51,65,33,28,51,80,51.4,28,9.7,Completed,51,6,3,8,Pass,Medium,257,51.28,Poor,32.11
117,22CS1117,Geetika Bandi,Female,Civil,1,falan99@example.net,3443861364,8.35,64,97,79,53,85,28,68.4,101,11.9,Pending,38,5,7,7,Pass,Medium,342,67.08,Average,58.97
118,22CS1118,Madhav More,Female,Civil,8,tanveer45@example.com,392678928,10.0,86,64,47,22,90,47,54.0,72,20.3,Pending,51,10,5,5,Pass,Low,270,63.6,Good,64.89
119,22CS1119,Alka Nori,Female,Mechanical,3,balakrishnanhiral@example.com,3847275182,5.53,75,82,43,99,41,39,60.8,85,14.4,Completed,82,9,4,8,Pass,Low,304,65.06,Good,65.32
120,22CS1120,Mugdha Kala,Female,CSE-DS,6,jagatshan@example.org,5291419346,5.26,49,33,74,67,32,29,47.0,19,60.7,Completed,99,9,10,7,Pass,Medium,235,47.6,Poor,52.81
121,22CS1121,Jagvi Rege,Female,EEE,4,sai36@example.com,7396104446,5.33,61,77,28,41,57,94,59.4,68,21.2,Pending,73,9,6,6,Pass,Medium,297,59.88,Average,60.56
122,22CS1122,Indrajit Dewan,Female,Civil,6,parikhamruta@example.com,3493860116,9.37,59,51,67,79,69,72,67.6,25,47.7,Completed,74,2,9,9,Pass,Medium,338,65.02,Poor,30.31
123,22CS1123,Ojas Chahal,Female,Civil,2,shauryatailor@example.com,8430810564,9.74,76,60,100,33,62,100,71.0,88,38.9,Pending,40,9,4,6,Pass,Low,355,72.5,Good,73.87
124,22CS1124,Saanvi Agate,Male,CSE,6,ggarg@example.net,9259002887,6.33,47,75,77,89,36,66,68.6,106,58.0,Pending,71,5,5,7,Pass,Medium,343,62.12,Poor,74.8
125,22CS1125,Rushil Singhal,Male,Mechanical,6,gthakkar@example.com,8026022860,8.69,86,59,50,30,28,63,46.0,19,12.5,Pending,52,7,1,5,Pass,Medium,230,58.0,Good,32.35
126,22CS1126,Atharv Atwal,Female,CSE,4,noahsoni@example.com,6216056550,8.07,72,50,64,71,30,38,50.6,63,53.8,Pending,46,10,1,10,Pass,Medium,253,57.02,Average,71.34
127,22CS1127,Falan Bera,Male,Mechanical,4,biswasdaksh@example.net,9760663327,8.1,62,58,59,36,46,38,47.4,48,11.5,Pending,86,5,10,7,Pass,Medium,237,51.78,Average,37.65
128,22CS1128,Kritika Tailor,Female,CSE-AIML,7,cchauhan@example.net,8902339313,8.12,83,90,48,32,44,44,51.6,23,23.5,Pending,41,7,2,6,Pass,Low,258,61.02,Good,37.25
129,22CS1129,Lajita Chad,Male,ECE,4,yahvi74@example.com,6717190859,7.66,56,67,29,38,82,39,51.0,34,16.0,Pending,62,7,5,6,Pass,Medium,255,52.5,Poor,39.4
130,22CS1130,Krishna Setty,Male,EEE,4,gaganyohannan@example.org,6270970379,8.25,59,72,74,41,88,36,62.2,44,35.2,Completed,64,5,9,10,Pass,Medium,311,61.24,Poor,43.16
131,22CS1131,Victor Anand,Female,IT,2,pratyushmore@example.net,7519633765,6.33,91,90,93,86,24,44,67.4,30,8.5,Completed,52,8,8,8,Pass,Low,337,74.48,Excellent,38.55
132,22CS1132,Manya Parmer,Male,IT,7,nayakwriddhish@example.com,804800655,6.67,62,87,73,96,26,87,73.8,40,16.0,Pending,50,7,5,5,Pass,Medium,369,70.26,Average,41.8
133,22CS1133,Hritik Banerjee,Female,ECE,2,gabriel09@example.net,5603234244,6.72,92,47,27,81,59,20,46.8,68,45.9,Completed,37,6,3,10,Pass,Medium,234,60.36,Excellent,58.97
134,22CS1134,Nitara Dey,Female,IT,3,nazarethsaksham@example.net,7511952259,9.5,81,34,25,89,42,96,57.2,64,55.3,Pending,66,5,1,7,Pass,Low,286,64.34,Good,57.19
135,22CS1135,Prisha Kala,Female,IT,5,hnanda@example.net,1881046355,8.27,51,76,42,76,93,37,64.8,27,17.5,Completed,55,8,1,5,Pass,Medium,324,60.66,Poor,40.05
136,22CS1136,Jagrati Grewal,Female,EEE,7,raaginibalay@example.org,5191334766,8.33,69,72,25,57,52,85,58.2,44,56.2,Completed,67,6,4,7,Pass,Medium,291,61.44,Average,52.46
137,22CS1137,Lajita Bhalla,Female,IT,2,raikrishna@example.net,3754932151,8.03,93,96,77,32,35,91,66.2,119,47.2,Completed,89,1,7,8,Pass,Low,331,74.24,Excellent,64.76
138,22CS1138,Aadhya Mahajan,Male,Civil,6,dubeupma@example.org,8363240921,5.7,56,53,21,96,40,75,57.0,58,12.8,Pending,90,5,5,9,Pass,Medium,285,56.7,Poor,42.04
139,22CS1139,Lila Tella,Male,EEE,5,nperi@example.net,6549790132,6.61,92,34,48,20,98,88,57.6,103,27.0,Pending,48,7,10,6,Pass,Low,288,67.92,Excellent,70.3
140,22CS1140,Veer Krish,Female,Mechanical,2,zchander@example.org,8888662885,6.87,64,46,91,54,81,33,61.0,57,44.2,Pending,30,1,10,9,Pass,Medium,305,61.9,Average,39.06
141,22CS1141,Mugdha Chand,Male,ECE,1,egole@example.com,1524388855,8.34,99,70,50,46,49,80,59.0,32,20.7,Pending,88,6,9,5,Pass,Low,295,71.0,Excellent,37.01
142,22CS1142,Rishi Sharaf,Male,IT,4,zpathak@example.org,273169131,9.16,71,21,45,77,43,40,45.2,25,65.2,Completed,99,2,4,8,Pass,Medium,226,52.94,Average,35.56
143,22CS1143,Faris Kata,Male,ECE,5,aarinishenoy@example.org,4159387341,7.52,75,67,30,81,42,87,61.4,115,59.6,Completed,76,2,3,7,Pass,Low,307,65.48,Good,69.88
144,22CS1144,Aashi Mukhopadhyay,Male,CSE-DS,6,bhattirachita@example.org,7148596307,7.93,88,29,39,45,61,86,52.0,61,28.5,Pending,40,1,3,9,Pass,Low,260,62.8,Good,35.95
145,22CS1145,Jagrati Mahal,Female,Civil,2,chaaya71@example.com,9293658696,5.94,62,87,71,70,79,59,73.2,63,25.9,Completed,65,6,10,10,Pass,Medium,366,69.84,Average,50.97
146,22CS1146,Ria Menon,Male,CSE,6,psani@example.org,229736637,5.77,70,98,25,85,87,48,68.6,64,66.6,Completed,79,5,5,6,Pass,Medium,343,69.02,Average,60.58
147,22CS1147,Samar Manne,Male,ECE,7,jmerchant@example.com,4347334512,9.99,53,85,61,72,93,54,73.0,115,50.2,Completed,94,9,1,6,Pass,Medium,365,67.0,Poor,88.06
148,22CS1148,Luke Jayaraman,Male,EEE,6,balhaar53@example.net,808826994,8.83,68,94,85,70,51,62,72.4,13,13.4,Pending,99,8,1,6,Pass,Medium,362,71.08,Average,33.22
149,22CS1149,Madhavi Sachdeva,Female,Mechanical,1,wroy@example.net,6072334247,8.42,97,20,32,28,46,59,37.0,115,37.0,Completed,53,10,7,8,Fail,Medium,185,55.0,Excellent,87.1
150,22CS1150,Jeevika Bhakta,Male,Mechanical,3,krishnatak@example.org,3954763821,6.6,96,64,30,53,50,97,58.8,28,52.2,Completed,65,10,2,9,Pass,Low,294,69.96,Excellent,56.86
151,22CS1151,Netra Bedi,Male,CSE-DS,4,rajanansh@example.com,9188406466,9.85,87,30,72,60,52,42,51.2,70,40.7,Completed,98,5,3,9,Pass,Low,256,61.94,Good,55.21
152,22CS1152,Anjali Kara,Male,IT,8,mthakkar@example.net,4139160161,8.95,49,85,95,73,71,58,76.4,41,54.5,Pending,31,2,10,8,Distinction,Medium,382,68.18,Poor,38.75
153,22CS1153,Sanya Cheema,Female,EEE,8,ramaswamygaurang@example.org,4378921557,8.44,88,94,66,27,54,46,57.4,94,68.2,Pending,34,2,2,10,Pass,Low,287,66.58,Good,64.06
154,22CS1154,Zaitra Rana,Male,IT,7,bhavyajhaveri@example.com,3326700916,8.75,89,70,67,79,77,85,75.6,22,52.4,Pending,59,9,9,7,Distinction,Low,378,79.62,Good,51.52
155,22CS1155,Aarav Chad,Male,CSE-DS,7,dalaja75@example.org,5283034508,9.13,75,27,98,48,79,88,68.0,103,64.5,Pending,52,9,6,5,Pass,Low,340,70.1,Good,87.55
156,22CS1156,Siddharth Madan,Female,Mechanical,7,meerade@example.com,9255905345,5.93,46,36,36,95,74,41,56.4,51,30.1,Completed,53,5,5,10,Pass,Medium,282,53.28,Poor,44.43
157,22CS1157,Madhav Palla,Female,IT,2,david76@example.org,7200468407,7.14,95,71,71,40,31,39,50.4,32,45.3,Pending,51,3,9,6,Pass,Low,252,63.78,Excellent,35.39
158,22CS1158,Ethan Srinivas,Female,CSE-DS,8,nidraanand@example.com,5819933639,6.75,73,85,69,21,20,100,59.0,73,23.2,Completed,41,2,3,7,Pass,Medium,295,63.2,Average,42.16
159,22CS1159,Hemani Prabhakar,Female,CSE-DS,4,pdada@example.net,837361936,5.52,62,81,50,73,86,71,72.2,63,57.8,Pending,34,10,4,10,Pass,Medium,361,69.14,Average,72.54
160,22CS1160,Caleb Mohan,Female,CSE,8,ekhare@example.org,3364847794,6.8,83,72,68,100,39,90,73.8,104,56.7,Completed,99,5,10,9,Pass,Low,369,76.56,Good,73.61
161,22CS1161,Panini Rattan,Female,ECE,6,dhritibhagat@example.org,4293210457,7.28,85,31,54,91,54,95,65.0,116,65.3,Pending,46,2,7,7,Pass,Low,325,71.0,Good,71.99
162,22CS1162,Wishi Bhatti,Female,IT,4,tsane@example.net,6530332710,5.2,79,43,97,41,100,33,62.8,63,13.7,Pending,37,1,8,8,Pass,Low,314,67.66,Good,32.31
163,22CS1163,Laban Swaminathan,Female,EEE,7,riasawhney@example.org,4541940435,7.71,71,64,100,64,66,65,71.8,119,14.5,Completed,65,1,8,5,Pass,Medium,359,71.56,Average,54.95
164,22CS1164,Warinder Merchant,Male,IT,6,nchhabra@example.org,395075534,8.73,74,56,76,20,96,27,55.0,93,47.6,Completed,87,6,1,8,Pass,Medium,275,60.7,Average,69.48
165,22CS1165,Ekta Chaudhuri,Female,CSE-DS,5,ksolanki@example.com,2601737388,8.59,55,36,49,100,54,64,60.6,103,31.3,Pending,97,4,2,10,Pass,Medium,303,58.92,Poor,62.59
166,22CS1166,Baljiwan Varty,Female,Mechanical,6,dsule@example.org,6505713359,5.97,76,73,64,95,91,92,83.0,68,64.0,Completed,83,7,3,5,Distinction,Low,415,80.9,Good,67.4
167,22CS1167,Jasmit Kalita,Male,EEE,6,andrew31@example.com,3496913309,8.8,89,58,53,84,55,63,62.6,120,33.2,Completed,59,9,4,7,Pass,Low,313,70.52,Good,84.96
168,22CS1168,Bhavika Kota,Female,CSE-DS,7,yrau@example.org,9240924172,5.57,84,59,60,65,65,82,66.2,58,46.4,Pending,30,1,5,10,Pass,Low,331,71.54,Good,40.12
169,22CS1169,Turvi Bajaj,Male,CSE-AIML,4,falguni90@example.com,9148275063,8.39,63,94,96,66,99,82,87.4,89,26.1,Pending,93,7,4,10,Distinction,Medium,437,80.08,Average,64.43
170,22CS1170,Damini Seshadri,Female,Mechanical,6,smadan@example.org,5144632195,8.68,48,81,35,50,59,28,50.6,35,15.2,Pending,30,7,9,5,Pass,Medium,253,49.82,Poor,39.56
171,22CS1171,Gagan Bir,Male,Mechanical,2,krishyagnesh@example.org,2118007862,8.74,55,74,87,41,75,77,70.8,90,64.7,Completed,66,3,2,5,Pass,Medium,354,66.06,Poor,64.41
172,22CS1172,Hemani Korpal,Female,CSE-DS,1,kkannan@example.com,7854118014,5.26,82,20,38,86,93,99,67.2,64,67.2,Pending,48,8,2,5,Pass,Low,336,71.64,Good,69.76
173,22CS1173,Aachal Bandi,Female,CSE,4,karpehitesh@example.net,7768267034,6.9,77,33,47,69,37,97,56.6,13,29.8,Completed,49,5,3,10,Pass,Low,283,62.72,Good,29.14
174,22CS1174,Vincent Chowdhury,Female,Mechanical,5,sarannathan@example.com,3001254066,7.45,64,50,69,28,90,46,56.6,105,33.1,Completed,53,9,2,5,Pass,Medium,283,58.82,Average,78.93
175,22CS1175,Upadhriti Oza,Male,ECE,7,ycherian@example.org,8471800534,6.3,88,41,41,43,50,72,49.4,56,12.2,Pending,90,6,10,7,Pass,Medium,247,60.98,Good,44.06
176,22CS1176,Hritik Kuruvilla,Male,CSE,4,karalakshmi@example.net,2771734788,6.14,70,86,38,46,37,28,47.0,24,58.8,Pending,87,7,10,6,Pass,Medium,235,53.9,Average,48.24
177,22CS1177,Oviya Cherian,Male,IT,2,charlessandhu@example.com,3517919585,9.56,72,33,34,28,53,42,38.0,46,16.2,Completed,94,10,2,9,Fail,High,190,48.2,Average,53.26
178,22CS1178,Bahadurjit Deshpande,Male,CSE-DS,1,karnikbhanumati@example.org,3174041793,8.09,77,35,35,91,90,75,65.2,90,13.6,Completed,98,2,3,5,Pass,Low,326,68.74,Good,46.08
179,22CS1179,Girish Vig,Female,Civil,2,hgopal@example.com,7685466659,6.63,94,88,82,68,25,37,60.0,74,28.4,Pending,79,1,9,5,Pass,Low,300,70.2,Excellent,41.12
180,22CS1180,Bhavani Samra,Male,EEE,1,pdave@example.com,3881440974,8.61,49,63,36,28,29,83,47.8,57,36.7,Completed,42,10,9,7,Pass,Medium,239,48.16,Poor,63.81
181,22CS1181,Timothy Gill,Female,CSE-DS,4,latafitan@example.net,8425339295,6.91,91,57,88,33,72,69,63.8,17,28.0,Pending,34,9,10,6,Pass,Low,319,71.96,Excellent,42.2
182,22CS1182,Nikita Dass,Male,CSE-DS,5,nirja85@example.com,7391383184,7.51,94,84,31,71,42,22,50.0,19,53.3,Completed,79,6,1,9,Pass,Low,250,63.2,Excellent,41.59
183,22CS1183,Omaja More,Female,EEE,7,bandidaniel@example.net,3929779040,7.1,88,48,95,52,46,84,65.0,60,63.0,Completed,30,1,8,5,Pass,Low,325,71.9,Good,45.9
184,22CS1184,Banjeet Mandal,Male,Civil,3,lohit42@example.net,170996044,8.82,79,25,64,73,91,95,69.6,87,58.3,Pending,38,4,6,9,Pass,Low,348,72.42,Good,64.29
185,22CS1185,Siddharth Narain,Female,IT,4,rajlakshit@example.net,6132321528,8.67,46,58,34,92,82,67,66.6,37,40.8,Pending,84,9,2,8,Pass,Medium,333,60.42,Poor,54.04
186,22CS1186,Keya Pau,Male,ECE,8,awable@example.net,1461995153,7.2,59,70,71,66,53,91,70.2,43,51.5,Pending,36,4,7,10,Pass,Medium,351,66.84,Poor,44.65
187,22CS1187,Aarush Sarma,Female,CSE,3,ubarad@example.org,9871263168,6.88,88,97,50,98,38,44,65.4,86,36.8,Completed,31,3,10,5,Pass,Low,327,72.18,Good,54.44
188,22CS1188,Chaaya Chokshi,Male,CSE,7,bhatubika@example.net,9784070208,8.11,80,99,45,42,60,25,54.2,94,58.4,Completed,94,6,3,8,Pass,Low,271,61.94,Good,73.12
189,22CS1189,Faqid Thakkar,Female,Mechanical,1,maanasloke@example.com,9738599442,8.82,59,69,93,68,91,86,81.4,94,54.0,Pending,32,2,3,10,Distinction,Medium,407,74.68,Poor,59.8
190,22CS1190,Chandran Issac,Male,Mechanical,3,gunbir16@example.net,3986304124,7.16,58,42,35,21,58,59,43.0,49,46.6,Pending,78,10,6,8,Pass,Medium,215,47.5,Poor,63.58
191,22CS1191,Ethan Barad,Female,IT,5,kulkarnionveer@example.com,6367401535,6.55,91,38,48,72,73,30,52.2,105,57.9,Pending,69,4,10,7,Pass,Low,261,63.84,Excellent,71.37
192,22CS1192,Neha Malhotra,Female,CSE-DS,2,jhaverigaurang@example.net,6828846842,5.43,100,71,85,49,81,75,72.2,46,35.6,Completed,82,6,5,9,Pass,Low,361,80.54,Excellent,47.08
193,22CS1193,Nisha Yadav,Female,CSE,2,buchgaurav@example.com,1232106144,8.89,79,98,61,48,51,44,60.4,57,38.1,Pending,77,5,9,7,Pass,Low,302,65.98,Good,49.23
194,22CS1194,Viraj Garde,Female,EEE,5,sethaarav@example.com,3785322576,7.67,81,74,47,86,30,36,54.6,60,66.2,Completed,59,8,7,10,Pass,Low,273,62.52,Good,67.86
195,22CS1195,Gopal Devi,Female,CSE-AIML,5,chakrabortylipika@example.net,9788307866,7.13,99,41,36,59,92,88,63.2,68,27.2,Completed,42,7,5,7,Pass,Low,316,73.94,Excellent,56.36
196,22CS1196,Nitesh Yadav,Male,Mechanical,7,nimratmunshi@example.org,3605485619,7.22,76,50,32,58,100,37,55.4,30,50.8,Pending,96,2,8,5,Pass,Low,277,61.58,Good,33.24
197,22CS1197,Qabil Verma,Male,CSE-DS,2,tanmayi58@example.com,5374456978,7.57,70,91,80,58,100,64,78.6,8,11.4,Completed,34,3,7,10,Distinction,Medium,393,76.02,Average,15.62
198,22CS1198,Chameli Sarna,Male,Mechanical,7,pgoda@example.com,2936199510,8.66,47,37,35,98,80,52,60.4,60,51.9,Pending,36,8,3,10,Pass,Medium,302,56.38,Poor,63.57
199,22CS1199,Vasudha Ganesan,Female,IT,2,jbalasubramanian@example.org,218694528,6.39,96,60,53,67,100,86,73.2,87,20.6,Pending,65,10,5,9,Pass,Low,366,80.04,Excellent,70.98
200,22CS1200,Theodore Nigam,Male,IT,1,balendra56@example.net,3251135529,6.88,87,51,95,39,50,60,59.0,54,69.4,Completed,40,3,8,10,Pass,Low,295,67.4,Good,51.42
201,22CS1201,Isha Palan,Female,CSE,3,lavanyavohra@example.com,9177566720,7.51,45,95,36,85,79,35,66.0,72,40.2,Pending,30,5,8,8,Pass,Medium,330,59.7,Poor,55.86
202,22CS1202,Aryan Nanda,Male,Civil,3,madhavnori@example.org,1269269124,6.89,59,90,26,31,21,20,37.6,23,51.7,Pending,99,3,6,5,Fail,High,188,44.02,Poor,33.71
203,22CS1203,Urvashi Pai,Female,CSE,7,vargheseekansh@example.com,1000149410,9.67,58,46,50,72,88,57,62.6,30,68.8,Completed,60,9,1,7,Pass,Medium,313,61.22,Poor,59.64
204,22CS1204,Jhalak Warrior,Female,CSE,8,rameshharita@example.org,4178383300,8.8,93,53,98,32,68,31,56.4,97,30.1,Pending,46,6,5,7,Pass,Low,282,67.38,Excellent,65.83
205,22CS1205,Wriddhish Choudhry,Female,IT,3,ramaswamyyahvi@example.com,6112518597,7.52,67,48,92,70,42,28,56.0,116,14.1,Pending,78,7,4,8,Pass,Medium,280,59.3,Average,71.63
206,22CS1206,Anita Ahuja,Male,EEE,4,lbath@example.org,8560486163,9.98,74,55,61,50,80,50,59.2,10,57.2,Completed,54,1,3,8,Pass,Medium,296,63.64,Average,24.16
207,22CS1207,Ryan Prabhakar,Female,IT,8,gmody@example.org,9865494257,7.43,57,74,42,36,97,37,57.2,82,21.0,Completed,92,2,1,5,Pass,Medium,286,57.14,Poor,45.1
208,22CS1208,Anamika Deshmukh,Male,IT,3,dalbir17@example.net,7436607412,5.46,59,32,24,38,81,41,43.2,18,52.3,Pending,52,1,3,10,Pass,Medium,216,47.94,Poor,25.89
209,22CS1209,Chandresh Sen,Female,Mechanical,8,gmore@example.net,7493237996,7.58,77,29,46,20,83,57,47.0,43,31.9,Completed,62,5,10,5,Pass,Medium,235,56.0,Good,41.77
210,22CS1210,Chandani Venkataraman,Male,CSE-DS,2,ryan54@example.com,7227837605,9.12,62,33,75,98,71,75,70.4,95,65.1,Pending,46,4,7,7,Pass,Medium,352,67.88,Average,69.53
211,22CS1211,Vanya Ganesh,Female,ECE,5,hnagy@example.org,8002926681,6.29,74,50,97,87,32,35,60.2,9,48.0,Pending,64,1,8,9,Pass,Medium,301,64.34,Average,21.0
212,22CS1212,Kashish Swaminathan,Male,IT,2,jgulati@example.com,4370654490,6.97,97,37,34,41,76,87,55.0,32,61.7,Pending,67,6,3,8,Pass,Low,275,67.6,Excellent,49.31
213,22CS1213,Umang Soni,Female,Mechanical,2,zahuja@example.com,1201498672,9.09,47,62,41,47,81,74,61.0,101,7.4,Pending,66,4,9,5,Pass,Medium,305,56.8,Poor,54.62
214,22CS1214,Rushil Ramaswamy,Male,ECE,8,cbalasubramanian@example.com,3819192846,6.52,92,79,75,82,63,60,71.8,20,32.5,Pending,98,3,1,10,Pass,Low,359,77.86,Excellent,26.75
215,22CS1215,Yochana Kumar,Male,CSE-AIML,1,bawachanchal@example.org,4847449627,8.07,58,84,29,30,52,71,53.2,100,27.2,Pending,78,7,10,9,Pass,Medium,266,54.64,Poor,69.16
216,22CS1216,Faris Gaba,Female,Mechanical,6,hardik56@example.org,9838958860,9.68,51,22,49,85,48,41,49.0,43,69.8,Pending,46,5,4,7,Pass,Medium,245,49.6,Poor,53.14
217,22CS1217,Vansha Thakur,Female,Mechanical,5,chandrangara@example.com,3204050773,7.71,95,45,89,100,96,28,71.6,28,34.8,Pending,59,10,9,6,Pass,Low,358,78.62,Excellent,51.64
218,22CS1218,Arjun Cherian,Male,EEE,4,ypatil@example.org,7418782815,5.01,59,91,82,98,91,20,76.4,22,18.1,Completed,55,2,2,9,Distinction,Medium,382,71.18,Poor,20.23
219,22CS1219,Alexander Mann,Male,CSE-DS,2,groverirya@example.org,5299659334,7.75,71,30,87,39,72,38,53.2,109,54.2,Completed,68,5,3,8,Pass,Medium,266,58.54,Average,74.86
220,22CS1220,Ranveer Pant,Male,ECE,5,cmitra@example.com,3784973710,5.56,47,47,42,30,53,92,52.8,11,61.2,Pending,65,3,7,5,Pass,Medium,264,51.06,Poor,31.76
221,22CS1221,Nicholas Prakash,Female,EEE,4,radhikamagar@example.com,9994328337,7.84,63,24,70,62,47,65,53.6,119,11.6,Completed,47,2,1,9,Pass,Medium,268,56.42,Average,57.08
222,22CS1222,Sanaya Shere,Female,ECE,4,daniel37@example.com,5254325756,5.15,59,37,93,29,57,45,52.2,77,16.2,Pending,71,6,10,9,Pass,Medium,261,54.24,Poor,53.66
223,22CS1223,Aradhana Manne,Female,ECE,5,liammannan@example.net,2275588787,7.53,70,88,45,64,45,71,62.6,61,51.9,Completed,49,3,1,7,Pass,Medium,313,64.82,Average,48.97
224,22CS1224,Yug Lad,Female,Mechanical,1,charles94@example.org,7968865421,8.87,93,86,59,34,54,90,64.6,103,57.4,Completed,30,5,2,10,Pass,Low,323,73.12,Excellent,73.42
225,22CS1225,Krish Setty,Male,CSE,7,rkhatri@example.com,530763912,6.36,47,27,96,20,81,95,63.8,30,5.2,Completed,74,5,4,9,Pass,Medium,319,58.76,Poor,28.56
226,22CS1226,Abeer Wadhwa,Female,IT,5,faqidsodhi@example.org,1384725720,5.54,49,25,55,82,56,41,51.8,12,26.9,Completed,79,3,8,7,Pass,Medium,259,50.96,Poor,21.87
227,22CS1227,Yadavi Dube,Female,Mechanical,5,ishaswaminathan@example.org,5794254850,7.03,86,94,20,39,82,41,55.2,7,59.6,Pending,65,3,2,6,Pass,Low,276,64.44,Good,29.68
228,22CS1228,Ganga Mohan,Female,CSE-AIML,5,galadipta@example.net,5636423918,8.21,95,85,95,67,33,71,70.2,19,44.2,Pending,55,5,7,7,Pass,Low,351,77.64,Excellent,35.86
229,22CS1229,Ishanvi Sami,Female,ECE,6,singharyan@example.com,9145292065,8.24,85,81,29,23,23,29,37.0,78,46.7,Completed,95,8,6,8,Fail,Medium,185,51.4,Good,69.21
230,22CS1230,Theodore Chopra,Male,CSE-AIML,5,lnaik@example.com,4578645054,7.7,80,38,24,20,41,30,30.6,108,48.8,Pending,36,4,10,9,Fail,Medium,153,45.42,Good,69.84
231,22CS1231,Yauvani Goel,Male,ECE,4,ria88@example.com,605046782,6.04,52,93,30,72,31,22,49.6,77,28.7,Completed,86,10,5,5,Pass,Medium,248,50.32,Poor,69.41
232,22CS1232,Yadavi Mohanty,Male,CSE-AIML,5,luckyoza@example.org,5786807564,9.0,68,33,44,23,33,37,34.0,13,40.1,Pending,94,2,4,10,Fail,High,170,44.2,Average,23.23
233,22CS1233,Bakhshi Bhalla,Female,EEE,2,farhankhurana@example.com,8267399779,8.7,52,48,41,92,42,49,54.4,71,44.9,Completed,35,8,7,6,Pass,Medium,272,53.68,Poor,65.87
234,22CS1234,Mekhala Vora,Female,IT,6,muttigaurang@example.net,2858939421,6.7,94,20,95,71,56,96,67.6,78,61.0,Completed,82,3,2,7,Pass,Low,338,75.52,Excellent,58.5
235,22CS1235,Lipika Sama,Female,Civil,6,wdada@example.net,5126647404,5.1,61,86,98,71,78,50,76.6,37,10.2,Pending,89,2,2,5,Distinction,Medium,383,71.92,Average,23.86
236,22CS1236,Sudiksha Swamy,Male,Mechanical,6,xkhurana@example.com,593657692,9.25,98,53,37,66,36,32,44.8,11,67.8,Pending,58,9,3,7,Pass,Medium,224,60.76,Excellent,51.74
237,22CS1237,Jason Goda,Male,Civil,2,yashjha@example.com,3947144021,8.61,45,44,81,93,22,48,57.6,68,13.5,Pending,74,7,2,10,Pass,Medium,288,53.82,Poor,52.25
238,22CS1238,Ekantika Divan,Female,CSE-AIML,2,arinmody@example.net,8528237448,6.06,51,26,76,47,75,26,50.0,46,24.9,Pending,99,5,5,7,Pass,Medium,250,50.3,Poor,40.87
239,22CS1239,Deepa Samra,Male,Mechanical,6,hiralmann@example.net,7547860123,8.6,98,25,41,77,70,100,62.6,34,48.7,Pending,83,10,7,7,Pass,Low,313,73.22,Excellent,58.21
240,22CS1240,Onkar Barad,Female,Civil,7,pranav55@example.org,8788587263,5.36,72,60,46,68,69,95,67.6,84,27.6,Pending,77,5,1,7,Pass,Medium,338,68.92,Average,56.88
241,22CS1241,Neel Sampath,Female,ECE,2,sdhawan@example.net,3265041951,9.27,59,63,85,84,47,49,65.6,76,14.5,Pending,37,9,5,9,Pass,Medium,328,63.62,Poor,61.75
242,22CS1242,Harrison Memon,Female,CSE-DS,3,mannewaida@example.org,280136455,5.98,93,99,80,54,23,50,61.2,57,25.9,Completed,41,4,4,8,Pass,Low,306,70.74,Excellent,42.57
243,22CS1243,Krishna Gill,Female,CSE,5,ayush91@example.org,7725321029,7.66,53,47,81,37,89,47,60.2,29,22.2,Completed,92,1,1,6,Pass,Medium,301,58.04,Poor,21.26
244,22CS1244,Harrison Aurora,Female,Civil,5,bpall@example.net,9925084861,6.54,47,87,98,62,72,37,71.2,38,58.9,Pending,46,9,2,10,Pass,Medium,356,63.94,Poor,59.87
245,22CS1245,Saksham Chokshi,Male,Mechanical,3,jeetnadkarni@example.net,2414213923,8.8,76,36,24,20,54,96,46.0,22,59.3,Pending,53,4,3,9,Pass,Medium,230,55.0,Good,38.59
246,22CS1246,Viraj Choudhry,Male,Mechanical,1,ojasvishroff@example.org,7716998817,8.5,59,37,49,66,39,64,51.0,77,27.4,Pending,91,3,8,9,Pass,Medium,255,53.4,Poor,48.02
247,22CS1247,Abha Gour,Female,Civil,8,lsule@example.org,2030072841,6.03,88,77,41,67,80,79,68.8,15,7.3,Completed,50,7,9,8,Pass,Low,344,74.56,Good,29.19
248,22CS1248,Chandran Brahmbhatt,Male,Mechanical,5,varenyabandi@example.net,1848571036,7.57,62,34,60,61,88,35,55.6,106,5.4,Pending,65,7,7,5,Pass,Medium,278,57.52,Average,65.02
249,22CS1249,Kamya Hans,Male,Civil,6,guptavedhika@example.org,7692102828,7.58,71,42,48,25,37,86,47.6,77,47.4,Completed,97,1,9,7,Pass,Medium,238,54.62,Average,48.02
250,22CS1250,Yauvani Lall,Female,ECE,3,xavier35@example.org,7505227250,7.72,89,81,63,45,64,20,54.6,92,36.6,Pending,75,6,5,5,Pass,Low,273,64.92,Good,65.78
251,22CS1251,Jacob Pandya,Male,ECE,3,urvi72@example.net,3551893459,9.94,89,77,85,75,50,57,68.8,81,54.6,Pending,43,7,4,6,Pass,Low,344,74.86,Good,69.78
252,22CS1252,Warda Jain,Female,Mechanical,6,tellakrishna@example.net,2770950821,6.24,84,40,31,69,56,85,56.2,59,38.3,Pending,68,6,7,7,Pass,Low,281,64.54,Good,53.09
253,22CS1253,Ekani Walia,Male,IT,7,brardev@example.net,3407614304,7.21,46,74,20,26,28,96,48.8,29,21.7,Completed,51,2,6,7,Pass,Medium,244,47.96,Poor,24.11
254,22CS1254,Harshil Bhalla,Female,Civil,3,mdin@example.org,6223402139,8.69,47,58,77,58,55,68,63.2,110,30.2,Pending,45,3,2,8,Pass,Medium,316,58.34,Poor,62.06
255,22CS1255,Vasatika Bajwa,Female,CSE,4,tbarad@example.org,5912629594,7.63,61,22,73,92,81,49,63.4,58,7.5,Completed,98,4,8,6,Pass,Medium,317,62.68,Average,37.45
256,22CS1256,Faris Walla,Female,EEE,3,gmorar@example.net,6730537761,5.19,65,28,83,30,46,22,41.8,63,57.3,Completed,92,7,1,10,Pass,Medium,209,48.76,Average,63.39
257,22CS1257,Aadhya Srinivasan,Female,CSE-AIML,5,dinchavvi@example.com,5707256890,9.52,61,76,26,94,35,79,62.0,70,69.9,Pending,55,3,2,6,Pass,Medium,310,61.7,Average,57.97
258,22CS1258,Naveen Bahri,Female,EEE,4,hvarughese@example.net,5863152110,8.73,51,87,83,59,81,35,69.0,98,25.0,Completed,48,8,8,9,Pass,Medium,345,63.6,Poor,70.7
259,22CS1259,Wishi Sawhney,Male,CSE-AIML,4,chatreshprakash@example.com,8350934175,9.48,78,79,39,98,46,93,71.0,15,45.0,Pending,44,10,10,6,Pass,Low,355,73.1,Good,49.5
260,22CS1260,Ekavir Dara,Male,Civil,7,jhalakiyengar@example.com,8302609256,7.29,54,43,42,37,36,37,39.0,19,7.9,Pending,31,8,2,5,Fail,High,195,43.5,Poor,33.97
261,22CS1261,Wazir Sehgal,Male,ECE,5,yagate@example.net,4239529607,5.65,62,84,83,49,62,98,75.2,29,39.7,Completed,66,3,2,6,Distinction,Medium,376,71.24,Average,32.51
262,22CS1262,Wahab Parmar,Female,EEE,3,xsuri@example.net,6643962086,5.24,85,62,23,26,23,80,42.8,117,39.0,Pending,52,1,7,9,Pass,Medium,214,55.46,Good,61.5
263,22CS1263,Kashish Gade,Female,EEE,2,anay53@example.net,6665907127,5.07,56,43,97,91,31,63,65.0,108,23.3,Completed,65,8,4,8,Pass,Medium,325,62.3,Poor,74.19
264,22CS1264,Nitara Misra,Male,ECE,3,gopal61@example.net,4198176739,5.24,67,88,67,100,56,66,75.4,14,30.6,Pending,91,1,9,6,Distinction,Medium,377,72.88,Average,17.78
265,22CS1265,Harrison Parekh,Female,CSE-DS,8,tellaqushi@example.net,3013514205,9.57,93,76,96,60,97,79,81.6,53,69.3,Pending,78,7,7,9,Distinction,Low,408,85.02,Excellent,62.99
266,22CS1266,Arjun Shukla,Female,CSE-AIML,6,mannanfalguni@example.com,1295541872,6.86,97,69,50,82,82,80,72.6,21,38.7,Pending,86,2,9,10,Pass,Low,363,79.92,Excellent,26.01
267,22CS1267,Veer Kamdar,Male,ECE,4,bbandi@example.org,1577934654,9.24,94,58,34,51,28,33,40.8,16,47.9,Completed,62,5,1,10,Pass,Medium,204,56.76,Excellent,35.77
268,22CS1268,Nicholas Kala,Female,IT,5,xalakbadal@example.net,9816743141,8.34,68,48,24,62,48,39,44.2,45,57.3,Completed,43,4,9,7,Pass,Medium,221,51.34,Average,47.19
269,22CS1269,Fariq Thaker,Male,CSE-DS,7,yachanarastogi@example.com,5076123644,9.0,92,80,27,22,33,85,49.4,90,64.7,Pending,84,2,7,10,Pass,Medium,247,62.18,Excellent,61.41
270,22CS1270,Warinder Chander,Male,EEE,5,ahluwaliameghana@example.com,5196207958,6.27,49,58,95,83,35,86,71.4,79,64.0,Completed,60,2,6,8,Pass,Medium,357,64.68,Poor,56.8
271,22CS1271,Baghyawati Barman,Female,CSE-AIML,3,goeldaksh@example.org,4052083380,8.35,91,27,82,97,33,39,55.6,103,55.9,Pending,74,2,8,9,Pass,Low,278,66.22,Excellent,63.97
272,22CS1272,Aarna Toor,Male,CSE-AIML,4,omkaarseshadri@example.net,6410229776,7.46,85,55,44,22,39,39,39.8,57,32.6,Completed,98,5,3,6,Fail,Medium,199,53.36,Good,47.58
273,22CS1273,Benjamin Mann,Male,IT,3,jacksangha@example.org,465965060,7.43,78,57,97,20,90,87,70.2,78,33.2,Pending,30,1,1,6,Pass,Low,351,72.54,Good,44.16
274,22CS1274,Naksh Maharaj,Female,ECE,6,omya93@example.net,6934957085,8.87,65,88,32,29,94,48,58.2,30,11.7,Completed,72,4,6,6,Pass,Medium,291,60.24,Average,27.51
275,22CS1275,Indali Nair,Male,IT,3,zashil72@example.net,3341808306,9.15,88,75,31,87,44,68,61.0,39,18.3,Pending,58,1,5,9,Pass,Low,305,69.1,Good,24.09
276,22CS1276,Rudra Majumdar,Male,ECE,3,tanveer53@example.org,8082269247,9.6,91,36,36,80,78,57,57.4,15,28.8,Pending,46,8,3,6,Pass,Low,287,67.48,Excellent,38.64
277,22CS1277,Reva Lala,Male,CSE-DS,5,mekhala67@example.net,3540321790,7.85,99,73,39,38,35,54,47.8,92,14.3,Pending,65,1,5,6,Pass,Medium,239,63.16,Excellent,44.09
278,22CS1278,Neelima Halder,Male,ECE,8,zehaanbhandari@example.com,3216294406,7.35,86,60,69,69,61,25,56.8,87,28.9,Pending,98,8,8,8,Pass,Low,284,65.56,Good,67.47
279,22CS1279,George Vaidya,Female,EEE,3,ishanvisetty@example.com,4747130735,6.94,88,66,25,46,53,60,50.0,24,15.3,Completed,99,3,7,5,Pass,Low,250,61.4,Good,23.19
280,22CS1280,Nathaniel Trivedi,Male,CSE,1,henrypatil@example.org,1356142026,9.78,85,52,54,96,64,99,73.0,107,28.2,Pending,97,5,3,9,Pass,Low,365,76.6,Good,66.26
281,22CS1281,Bahadurjit Nagy,Female,CSE-DS,1,dhingrakrishna@example.org,6094899181,8.25,65,29,48,66,83,64,58.0,24,56.7,Pending,34,4,3,9,Pass,Medium,290,60.1,Average,38.61
282,22CS1282,Owen Toor,Female,CSE,3,anjali61@example.com,7041811312,9.97,81,28,46,22,56,41,38.6,76,17.1,Completed,44,9,5,7,Fail,Medium,193,51.32,Good,62.53
283,22CS1283,Pallavi Ratta,Male,ECE,4,dkala@example.net,8435023723,9.57,80,68,86,30,44,66,58.8,63,13.6,Completed,83,8,5,8,Pass,Low,294,65.16,Good,53.28
284,22CS1284,Kavya Sankar,Male,CSE,8,omkaar66@example.com,1101015840,8.48,61,82,64,77,71,55,69.8,109,28.5,Pending,56,9,3,8,Pass,Medium,349,67.16,Average,79.15
285,22CS1285,Finn Choudhury,Male,Civil,1,aadhya06@example.net,2722785151,5.26,97,23,97,30,56,88,58.8,36,53.6,Completed,41,6,5,7,Pass,Low,294,70.26,Excellent,48.48
286,22CS1286,Udyati Deo,Female,CSE-AIML,5,balvanlad@example.com,6696969784,5.47,57,52,57,32,56,66,52.6,117,63.8,Completed,90,6,10,9,Pass,Medium,263,53.92,Poor,83.94
287,22CS1287,Charvi Deo,Female,ECE,8,lukegour@example.com,2254084347,5.87,99,40,41,51,27,42,40.2,21,20.5,Pending,71,10,8,5,Pass,Medium,201,57.84,Excellent,44.55
288,22CS1288,Amrita Konda,Male,EEE,1,kalaabeer@example.net,7757410696,9.52,56,71,23,82,70,88,66.8,14,60.3,Pending,32,2,8,10,Pass,Medium,334,63.56,Poor,29.69
289,22CS1289,Frado Dhaliwal,Male,Civil,6,wrideshahuja@example.com,9506933755,7.35,52,48,71,54,82,27,56.4,89,37.1,Completed,97,9,10,10,Pass,Medium,282,55.08,Poor,73.73
290,22CS1290,Bhavya Kari,Male,Mechanical,8,tdeep@example.com,2002025982,5.33,72,83,78,33,85,23,60.4,118,33.9,Completed,34,10,3,8,Pass,Medium,302,63.88,Average,87.37
291,22CS1291,Gopal Om,Female,CSE,7,anitakulkarni@example.net,9711045696,8.13,78,73,43,72,98,75,72.2,73,46.8,Pending,64,1,2,8,Pass,Low,361,73.94,Good,46.24
292,22CS1292,Sanya Karnik,Female,IT,4,bhattibakhshi@example.com,1272533195,7.55,58,37,70,51,25,20,40.6,34,12.4,Completed,65,2,4,6,Pass,Medium,203,45.82,Poor,23.32
293,22CS1293,Theodore Ganguly,Male,CSE-DS,7,jchada@example.net,6717940743,7.85,68,30,56,59,41,98,56.8,23,65.8,Pending,92,3,5,8,Pass,Medium,284,60.16,Average,37.94
294,22CS1294,Rushil Morar,Male,EEE,4,zayangoswami@example.org,3823053502,7.92,58,26,22,36,100,84,53.6,19,15.2,Completed,100,9,9,10,Pass,Medium,268,54.92,Poor,39.16
295,22CS1295,Caleb Chakraborty,Male,CSE-AIML,7,gauravrajan@example.org,6857227731,5.6,87,28,24,49,55,63,43.8,67,55.9,Pending,44,7,6,7,Pass,Medium,219,56.76,Good,64.57
296,22CS1296,Vasana Nadig,Male,EEE,7,sinhapooja@example.com,3213497526,9.57,72,71,60,44,34,60,53.8,93,7.2,Completed,37,4,8,10,Pass,Medium,269,59.26,Average,51.36
297,22CS1297,Nidhi Deol,Female,IT,4,ekanisankar@example.com,1107002504,5.51,87,24,85,91,25,97,64.4,21,51.5,Pending,62,10,1,6,Pass,Low,322,71.18,Good,53.85
298,22CS1298,Eiravati Dugal,Male,IT,3,bhatnagarturvi@example.org,4441954369,5.47,65,93,69,20,24,30,47.2,115,24.6,Completed,35,4,8,5,Pass,Medium,236,52.54,Average,65.38
299,22CS1299,Radha Gokhale,Male,CSE-AIML,7,megharajan@example.org,2087644312,6.43,68,94,54,79,61,20,61.6,54,49.5,Pending,91,3,10,5,Pass,Medium,308,63.52,Average,45.45
300,22CS1300,Teerth Lanka,Male,EEE,3,anvilata@example.com,4510110701,7.8,71,84,39,48,90,52,62.6,16,11.5,Completed,90,9,6,5,Pass,Medium,313,65.12,Average,36.85
